{"cameraMode":{"drawMode":0,"name":"Shaded","section":"Shading Mode"},"sceneLighting":false,"audioPlay":false,"sceneViewState":{"showFog":true,"showMaterialUpdate":false,"showSkybox":true,"showFlares":true,"showImageEffects":true,"showParticleSystems":true},"in2DMode":false,"pivot":{"x":-0.3619999885559082,"y":0.9309999942779541,"z":-1.8530000448226929},"rotation":{"x":-0.03993842378258705,"y":0.8627196550369263,"z":-0.06899993121623993,"w":-0.4993584454059601},"size":0.46671679615974429,"orthographic":false}